"","sites","half.time","jama"
"1","ES-LJu",307,0.474713268083905
"2","ES-LJu",308,0.474246135163406
"3","ES-LJu",309,0.473785400259006
"4","ES-LJu",310,0.473257314560363
"5","ES-LJu",311,0.472741202266092
"6","ES-LJu",312,0.472259734231049
"7","ES-LJu",313,0.471869763684493
"8","ES-LJu",314,0.471384484179485
