"","sites","half.time","jama"
"1","ES-LJu",199,0.558308760787935
"2","ES-LJu",200,0.557266575613647
"3","ES-LJu",201,0.556782968041756
"4","ES-LJu",202,0.555995577023992
"5","ES-LJu",203,0.555104138550062
"6","ES-LJu",204,0.553977726202975
"7","ES-LJu",205,0.552979811866086
