"","sites","half.time","jama"
"1","ES-LJu",155,0.587482355776484
"2","ES-LJu",156,0.586634571765912
"3","ES-LJu",157,0.585551300052098
"4","ES-LJu",158,0.584654039748271
"5","ES-LJu",159,0.583879306053806
"6","ES-LJu",160,0.582848305745273
"7","ES-LJu",161,0.582181476540655
