"","sites","half.time","jama"
"1","ES-LJu",300,0.478180638712191
"2","ES-LJu",301,0.47771859619332
"3","ES-LJu",302,0.477187035803813
"4","ES-LJu",303,0.476515698807338
"5","ES-LJu",304,0.476174929848838
"6","ES-LJu",305,0.475741808262335
"7","ES-LJu",306,0.474945876447751
