"","sites","half.time","jama"
"1","ES-LJu",61,0.692037345648564
"2","ES-LJu",62,0.700244481508172
"3","ES-LJu",63,0.708109136861736
"4","ES-LJu",64,0.715704823922694
"5","ES-LJu",65,0.722386295084845
"6","ES-LJu",66,0.728061898556
"7","ES-LJu",67,0.732829428614744
