"","sites","half.time","jama"
"1","ES-LJu",213,0.54515958089094
"2","ES-LJu",214,0.544544733557829
"3","ES-LJu",215,0.543528774026189
"4","ES-LJu",216,0.542450945603315
"5","ES-LJu",217,0.541402256871803
"6","ES-LJu",218,0.540374771413198
"7","ES-LJu",219,0.539370347214121
