"","sites","half.time","jama"
"1","ES-LJu",264,0.499542990135868
"2","ES-LJu",265,0.498683820618864
"3","ES-LJu",266,0.498165865060675
"4","ES-LJu",267,0.497657613210634
"5","ES-LJu",268,0.497013344052655
"6","ES-LJu",269,0.496221025917698
"7","ES-LJu",270,0.495524742146652
