"","sites","half.time","jama"
"1","ES-LJu",358,0.453434466622193
"2","ES-LJu",359,0.453030247393512
"3","ES-LJu",360,0.452669969217065
"4","ES-LJu",361,0.452310962556356
"5","ES-LJu",362,0.451905268506053
"6","ES-LJu",363,0.451566289436329
"7","ES-LJu",364,0.451252414718299
"8","ES-LJu",365,0.450856804487539
