"","sites","half.time","jama"
"1","ES-LJu",119,0.646829141625892
"2","ES-LJu",120,0.644950627970068
"3","ES-LJu",121,0.642532552757409
"4","ES-LJu",122,0.640624004812266
"5","ES-LJu",123,0.638601326655244
"6","ES-LJu",124,0.636442456307191
"7","ES-LJu",125,0.634382788772874
