"","sites","half.time","jama"
"1","ES-LJu",46,0.655202939286238
"2","ES-LJu",47,0.652663127402844
"3","ES-LJu",48,0.650724409568821
"4","ES-LJu",49,0.649300438872189
"5","ES-LJu",50,0.648447348601825
"6","ES-LJu",51,0.648434463410343
"7","ES-LJu",52,0.648928135982412
