"","sites","half.time","jama"
"1","ES-LJu",322,0.467770367945203
"2","ES-LJu",323,0.467235573226458
"3","ES-LJu",324,0.466829616227545
"4","ES-LJu",325,0.466430801886664
"5","ES-LJu",326,0.465723072153787
"6","ES-LJu",327,0.46555392444404
"7","ES-LJu",328,0.465160898477354
