"","sites","half.time","jama"
"1","ES-LJu",148,0.59546502188991
"2","ES-LJu",149,0.59415426760748
"3","ES-LJu",150,0.592714189133289
"4","ES-LJu",151,0.591883664977565
"5","ES-LJu",152,0.590709889662825
"6","ES-LJu",153,0.589271961532121
"7","ES-LJu",154,0.588563183684563
