"","sites","half.time","jama"
"1","ES-LJu",228,0.530354023368784
"2","ES-LJu",229,0.529211355873746
"3","ES-LJu",230,0.528352219221185
"4","ES-LJu",231,0.527384977827437
"5","ES-LJu",232,0.526346813002466
"6","ES-LJu",233,0.525314687096722
"7","ES-LJu",234,0.52435260422795
