"","sites","half.time","jama"
"1","ES-LJu",286,0.485772926577199
"2","ES-LJu",287,0.485174021261707
"3","ES-LJu",288,0.484643433929827
"4","ES-LJu",289,0.484119343279156
"5","ES-LJu",290,0.483290435279171
"6","ES-LJu",291,0.482815136640138
"7","ES-LJu",292,0.482444959573904
