"","sites","half.time","jama"
"1","ES-LJu",169,0.576619036307807
"2","ES-LJu",170,0.575907700338646
"3","ES-LJu",171,0.57542768861734
"4","ES-LJu",172,0.574896653395515
"5","ES-LJu",173,0.574123987218204
"6","ES-LJu",174,0.573807445345095
"7","ES-LJu",175,0.573227418431095
"8","ES-LJu",176,0.572558126185008
