"","sites","half.time","jama"
"1","ES-LJu",177,0.572250032811092
"2","ES-LJu",178,0.571597590621932
"3","ES-LJu",179,0.571227568517555
"4","ES-LJu",180,0.570492115902457
"5","ES-LJu",181,0.570211841511522
"6","ES-LJu",182,0.569698893584561
"7","ES-LJu",183,0.568861575236637
