"","sites","half.time","jama"
"1","ES-LJu",242,0.517154288842753
"2","ES-LJu",243,0.516282935956953
"3","ES-LJu",244,0.51540796217106
"4","ES-LJu",245,0.514503065680167
"5","ES-LJu",246,0.513635532652971
"6","ES-LJu",247,0.51247733914652
"7","ES-LJu",248,0.51171917100099
