"","sites","half.time","jama"
"1","ES-LJu",351,0.455820818696575
"2","ES-LJu",352,0.455597538824148
"3","ES-LJu",353,0.455208267208635
"4","ES-LJu",354,0.454806272542347
"5","ES-LJu",355,0.454505400463434
"6","ES-LJu",356,0.45413807731146
"7","ES-LJu",357,0.453807333920128
