"","sites","half.time","jama"
"1","ES-LJu",32,0.751333427718475
"2","ES-LJu",33,0.744277092024754
"3","ES-LJu",34,0.736088444457029
"4","ES-LJu",35,0.726912950089852
"5","ES-LJu",36,0.71694510236391
"6","ES-LJu",37,0.707521589976329
"7","ES-LJu",38,0.698233385328231
