"","sites","half.time","jama"
"1","ES-LJu",53,0.650046450048083
"2","ES-LJu",54,0.652379524520507
"3","ES-LJu",55,0.655562789592105
"4","ES-LJu",56,0.659571552124765
"5","ES-LJu",57,0.664263548113212
"6","ES-LJu",58,0.67033819878832
"7","ES-LJu",59,0.676854507501367
"8","ES-LJu",60,0.684446946716911
