"","sites","half.time","jama"
"1","ES-LJu",344,0.458631017566538
"2","ES-LJu",345,0.458242808829521
"3","ES-LJu",346,0.457916899208653
"4","ES-LJu",347,0.457424905789766
"5","ES-LJu",348,0.456966302463646
"6","ES-LJu",349,0.456740688359937
"7","ES-LJu",350,0.456288522680601
