"","sites","half.time","jama"
"1","ES-LJu",315,0.470956969732132
"2","ES-LJu",316,0.470432813969555
"3","ES-LJu",317,0.469997423886369
"4","ES-LJu",318,0.469361338306525
"5","ES-LJu",319,0.469129979908823
"6","ES-LJu",320,0.468638703719628
"7","ES-LJu",321,0.468226155834739
