"","sites","half.time","jama"
"1","ES-LJu",184,0.568419315904013
"2","ES-LJu",185,0.568033223042605
"3","ES-LJu",186,0.567473325809406
"4","ES-LJu",187,0.566894319087272
"5","ES-LJu",188,0.566261161641247
"6","ES-LJu",189,0.56571954418776
"7","ES-LJu",190,0.564989319957928
