"","sites","half.time","jama"
"1","ES-LJu",220,0.538423682161342
"2","ES-LJu",221,0.537379566305194
"3","ES-LJu",222,0.536398709501781
"4","ES-LJu",223,0.535226651617297
"5","ES-LJu",224,0.534325743709677
"6","ES-LJu",225,0.533135082213809
"7","ES-LJu",226,0.532174989752842
"8","ES-LJu",227,0.53126289406819
