"","sites","half.time","jama"
"1","ES-LJu",169,0.518153102517857
"2","ES-LJu",170,0.518075942350728
"3","ES-LJu",171,0.517977996789297
"4","ES-LJu",172,0.517869315379313
"5","ES-LJu",173,0.517477781108718
"6","ES-LJu",174,0.517667357613539
"7","ES-LJu",175,0.517598951038939
"8","ES-LJu",176,0.517247714024547
