"","sites","half.time","jama"
"1","ES-LJu",336,0.512657719006626
"2","ES-LJu",337,0.512164319487926
"3","ES-LJu",338,0.512844884985704
"4","ES-LJu",339,0.512625393117115
"5","ES-LJu",340,0.511817637226747
"6","ES-LJu",341,0.512985208169035
"7","ES-LJu",342,0.513112185182863
"8","ES-LJu",343,0.512075679340813
