"","sites","half.time","jama"
"1","ES-LJu",235,0.514444187812602
"2","ES-LJu",236,0.51382306944962
"3","ES-LJu",237,0.514668845109819
"4","ES-LJu",238,0.514619044124294
"5","ES-LJu",239,0.514648022603537
"6","ES-LJu",240,0.51393702060195
"7","ES-LJu",241,0.514222923229191
