"","sites","half.time","jama"
"1","ES-LJu",75,0.583317017939111
"2","ES-LJu",76,0.581615497616859
"3","ES-LJu",77,0.579515724884957
"4","ES-LJu",78,0.576147730469664
"5","ES-LJu",79,0.573653079956942
"6","ES-LJu",80,0.571811373637796
"7","ES-LJu",81,0.570156437528766
