"","sites","half.time","jama"
"1","ES-LJu",278,0.513977758040509
"2","ES-LJu",279,0.513016519505291
"3","ES-LJu",280,0.512908696847132
"4","ES-LJu",281,0.513581952016587
"5","ES-LJu",282,0.51300272050868
"6","ES-LJu",283,0.512903712071972
"7","ES-LJu",284,0.513676515300344
"8","ES-LJu",285,0.514156854929585
