"","sites","half.time","jama"
"1","ES-LJu",242,0.514444203658359
"2","ES-LJu",243,0.51377836558249
"3","ES-LJu",244,0.514518998744808
"4","ES-LJu",245,0.513485539021223
"5","ES-LJu",246,0.513824610785904
"6","ES-LJu",247,0.514032150154916
"7","ES-LJu",248,0.514027047359881
