"","sites","half.time","jama"
"1","ES-LJu",111,0.534691085203863
"2","ES-LJu",112,0.534148593793504
"3","ES-LJu",113,0.533285871476035
"4","ES-LJu",114,0.532432698562531
"5","ES-LJu",115,0.532543768948108
"6","ES-LJu",116,0.531496262660921
"7","ES-LJu",117,0.531548505925005
"8","ES-LJu",118,0.530344173494298
