"","sites","half.time","jama"
"1","ES-LJu",61,0.616588165212027
"2","ES-LJu",62,0.610079449949239
"3","ES-LJu",63,0.610494427183258
"4","ES-LJu",64,0.608756481906073
"5","ES-LJu",65,0.605036605090102
"6","ES-LJu",66,0.605360773249219
"7","ES-LJu",67,0.605094026515501
