"","sites","half.time","jama"
"1","ES-LJu",286,0.513155688169189
"2","ES-LJu",287,0.513573096828835
"3","ES-LJu",288,0.512465398615011
"4","ES-LJu",289,0.513907981472417
"5","ES-LJu",290,0.513496818826107
"6","ES-LJu",291,0.512925518659693
"7","ES-LJu",292,0.513379228247027
