"","sites","half.time","jama"
"1","ES-LJu",184,0.516803022777252
"2","ES-LJu",185,0.516898325375443
"3","ES-LJu",186,0.516824268141682
"4","ES-LJu",187,0.516781054332879
"5","ES-LJu",188,0.516637645970046
"6","ES-LJu",189,0.516616129022689
"7","ES-LJu",190,0.51659472921736
