"","sites","half.time","jama"
"1","ES-LJu",53,0.622180999226944
"2","ES-LJu",54,0.625373925534929
"3","ES-LJu",55,0.620532692765406
"4","ES-LJu",56,0.621856727576857
"5","ES-LJu",57,0.620999391945859
"6","ES-LJu",58,0.619896751902532
"7","ES-LJu",59,0.616487477544758
"8","ES-LJu",60,0.614165317020282
