"","sites","half.time","jama"
"1","ES-LJu",206,0.515506206315061
"2","ES-LJu",207,0.515436275445594
"3","ES-LJu",208,0.515678878454371
"4","ES-LJu",209,0.515653631581661
"5","ES-LJu",210,0.515716319812072
"6","ES-LJu",211,0.514842839482033
"7","ES-LJu",212,0.515062735532275
