"","sites","half.time","jama"
"1","ES-LJu",104,0.540391777324334
"2","ES-LJu",105,0.539007414965223
"3","ES-LJu",106,0.53886813676674
"4","ES-LJu",107,0.535529246444645
"5","ES-LJu",108,0.536739822285066
"6","ES-LJu",109,0.536534539956675
"7","ES-LJu",110,0.535687182593339
