"","sites","half.time","jama"
"1","ES-LJu",162,0.518902517656048
"2","ES-LJu",163,0.518822793644818
"3","ES-LJu",164,0.518642711261879
"4","ES-LJu",165,0.518592997868508
"5","ES-LJu",166,0.518173827539429
"6","ES-LJu",167,0.518250053545287
"7","ES-LJu",168,0.518090976227586
