"","sites","half.time","jama"
"1","ES-LJu",257,0.513337394822887
"2","ES-LJu",258,0.51438640437924
"3","ES-LJu",259,0.513816806478005
"4","ES-LJu",260,0.513259339641489
"5","ES-LJu",261,0.514006891629097
"6","ES-LJu",262,0.513904851814339
"7","ES-LJu",263,0.51349978731623
