"","sites","half.time","jama"
"1","ES-LJu",97,0.548157793046108
"2","ES-LJu",98,0.5471555107873
"3","ES-LJu",99,0.545742074085581
"4","ES-LJu",100,0.544373372239871
"5","ES-LJu",101,0.543116109707357
"6","ES-LJu",102,0.541627959038104
"7","ES-LJu",103,0.540244863830447
