"","sites","half.time","jama"
"1","ES-LJu",293,0.513814050962298
"2","ES-LJu",294,0.512725240864428
"3","ES-LJu",295,0.513127594618809
"4","ES-LJu",296,0.513249901960456
"5","ES-LJu",297,0.514028219079465
"6","ES-LJu",298,0.512594368987548
"7","ES-LJu",299,0.513034074852736
