"","sites","half.time","jama"
"1","ES-LJu",213,0.515225051919675
"2","ES-LJu",214,0.515377498706295
"3","ES-LJu",215,0.5153948746003
"4","ES-LJu",216,0.515284865777345
"5","ES-LJu",217,0.514995660546027
"6","ES-LJu",218,0.515047502915997
"7","ES-LJu",219,0.515330071925957
