"","sites","half.time","jama"
"1","ES-LJu",68,0.600997641916252
"2","ES-LJu",69,0.596357310679001
"3","ES-LJu",70,0.597614342321693
"4","ES-LJu",71,0.593973200346226
"5","ES-LJu",72,0.590235991837995
"6","ES-LJu",73,0.585051686119478
"7","ES-LJu",74,0.585943471121855
