"","sites","half.time","jama"
"1","ES-LJu",228,0.514932777902662
"2","ES-LJu",229,0.514722850281009
"3","ES-LJu",230,0.514749040696452
"4","ES-LJu",231,0.514626821410382
"5","ES-LJu",232,0.514922179682729
"6","ES-LJu",233,0.513826410716946
"7","ES-LJu",234,0.514710343634101
