"","sites","half.time","jama"
"1","ES-LJu",220,0.515387787414036
"2","ES-LJu",221,0.515022486367424
"3","ES-LJu",222,0.514643154400394
"4","ES-LJu",223,0.515159310196082
"5","ES-LJu",224,0.514180847540101
"6","ES-LJu",225,0.51440564325019
"7","ES-LJu",226,0.514600258612338
"8","ES-LJu",227,0.515101827646369
