"","sites","half.time","jama"
"1","ES-LJu",199,0.516068499614916
"2","ES-LJu",200,0.51590591190024
"3","ES-LJu",201,0.515628089163045
"4","ES-LJu",202,0.515447877510364
"5","ES-LJu",203,0.515579463011813
"6","ES-LJu",204,0.515937866721063
"7","ES-LJu",205,0.515893327883609
