"","sites","half.time","jama"
"1","ES-LJu",358,0.512857937408415
"2","ES-LJu",359,0.510578139773544
"3","ES-LJu",360,0.512211149068665
"4","ES-LJu",361,0.512235661139774
"5","ES-LJu",362,0.512813552926231
"6","ES-LJu",363,0.51258807773077
"7","ES-LJu",364,0.512356335511388
"8","ES-LJu",365,0.51278574020486
