"","sites","half.time","jama"
"1","ES-LJu",271,0.513972255007245
"2","ES-LJu",272,0.513428469448665
"3","ES-LJu",273,0.513995371360133
"4","ES-LJu",274,0.513142125027452
"5","ES-LJu",275,0.513372710916751
"6","ES-LJu",276,0.513517020129491
"7","ES-LJu",277,0.513043627198254
