"","sites","half.time","jama"
"1","ES-LJu",126,0.527267255426002
"2","ES-LJu",127,0.526707465479187
"3","ES-LJu",128,0.526159693762706
"4","ES-LJu",129,0.525272012317952
"5","ES-LJu",130,0.525583198378648
"6","ES-LJu",131,0.525353532897562
"7","ES-LJu",132,0.524749384035173
