"","sites","half.time","jama"
"1","ES-LJu",191,0.51647625449069
"2","ES-LJu",192,0.516471283403463
"3","ES-LJu",193,0.516179597875567
"4","ES-LJu",194,0.516337893442538
"5","ES-LJu",195,0.51578419995223
"6","ES-LJu",196,0.514833526963072
"7","ES-LJu",197,0.515159329564214
"8","ES-LJu",198,0.516198548355845
