"","sites","half.time","jama"
"1","ES-LJu",140,0.522681458091649
"2","ES-LJu",141,0.522382721912496
"3","ES-LJu",142,0.522016628682558
"4","ES-LJu",143,0.522060782533024
"5","ES-LJu",144,0.521778643935763
"6","ES-LJu",145,0.521653470697572
"7","ES-LJu",146,0.521412381239948
"8","ES-LJu",147,0.521235448007754
