"","sites","half.time","jama"
"1","ES-LJu",307,0.512583855359976
"2","ES-LJu",308,0.512183408257208
"3","ES-LJu",309,0.513595960604634
"4","ES-LJu",310,0.512658163184981
"5","ES-LJu",311,0.512570237130318
"6","ES-LJu",312,0.513425660163161
"7","ES-LJu",313,0.513161938060731
"8","ES-LJu",314,0.512790377993294
