"","sites","half.time","jama"
"1","ES-LJu",148,0.520248428708235
"2","ES-LJu",149,0.520879577608844
"3","ES-LJu",150,0.520622491591577
"4","ES-LJu",151,0.520516725597784
"5","ES-LJu",152,0.520286823682098
"6","ES-LJu",153,0.520199973174085
"7","ES-LJu",154,0.519906005699923
