"","sites","half.time","jama"
"1","ES-LJu",300,0.513491570463195
"2","ES-LJu",301,0.512739501969851
"3","ES-LJu",302,0.512687235072677
"4","ES-LJu",303,0.512371503184671
"5","ES-LJu",304,0.512132591573543
"6","ES-LJu",305,0.513046482738661
"7","ES-LJu",306,0.513179003660235
