"","sites","half.time","jama"
"1","ES-LJu",39,0.633306769042142
"2","ES-LJu",40,0.631230354856743
"3","ES-LJu",41,0.630924878749986
"4","ES-LJu",42,0.629826688397185
"5","ES-LJu",43,0.627397642141623
"6","ES-LJu",44,0.62744036509181
"7","ES-LJu",45,0.626477224851496
