"","sites","half.time","jama"
"1","ES-LJu",24,0.724160241565422
"2","ES-LJu",25,0.71711351807612
"3","ES-LJu",26,0.710662697198421
"4","ES-LJu",27,0.70286413870181
"5","ES-LJu",28,0.695133747990327
"6","ES-LJu",29,0.688265953836866
"7","ES-LJu",30,0.680204437556133
"8","ES-LJu",31,0.67274619820368
