"","sites","half.time","jama"
"1","ES-LJu",119,0.53033105384815
"2","ES-LJu",120,0.529572948359841
"3","ES-LJu",121,0.528646703832728
"4","ES-LJu",122,0.528885082016346
"5","ES-LJu",123,0.528139428399221
"6","ES-LJu",124,0.528116554464846
"7","ES-LJu",125,0.527074702769273
