"","sites","half.time","jama"
"1","ES-LJu",90,0.556442356043755
"2","ES-LJu",91,0.555088229095739
"3","ES-LJu",92,0.553965015898972
"4","ES-LJu",93,0.551761748329663
"5","ES-LJu",94,0.55118837444088
"6","ES-LJu",95,0.549191337093234
"7","ES-LJu",96,0.547817890248948
