"","sites","half.time","jama"
"1","ES-LJu",322,0.513152537997524
"2","ES-LJu",323,0.511972682260337
"3","ES-LJu",324,0.512419665678262
"4","ES-LJu",325,0.513162756055944
"5","ES-LJu",326,0.512828946056043
"6","ES-LJu",327,0.512256690361995
"7","ES-LJu",328,0.512573425059803
