"","sites","half.time","jama"
"1","ES-LJu",315,0.511735399616408
"2","ES-LJu",316,0.512107693235675
"3","ES-LJu",317,0.513104692152239
"4","ES-LJu",318,0.513343350988283
"5","ES-LJu",319,0.511284479433437
"6","ES-LJu",320,0.512831277447563
"7","ES-LJu",321,0.512513849438203
