"","sites","half.time","jama"
"1","ES-LJu",46,0.628844319165089
"2","ES-LJu",47,0.626553170002005
"3","ES-LJu",48,0.629203729677606
"4","ES-LJu",49,0.626179519106132
"5","ES-LJu",50,0.625219677827965
"6","ES-LJu",51,0.623412864582096
"7","ES-LJu",52,0.625260745143561
